Date;Euro
30/04/2026 23:00:00;€ € 101,61
30/04/2026 22:00:00;€ € 109,89
30/04/2026 21:00:00;€ € 116,55
30/04/2026 20:00:00;€ € 143,07
30/04/2026 19:00:00;€ € 124,28
30/04/2026 18:00:00;€ € 76,40
30/04/2026 17:00:00;€ € 17,16
30/04/2026 16:00:00;€ € -1,71
30/04/2026 15:00:00;€ € -11,31
30/04/2026 14:00:00;€ € -27,33
30/04/2026 13:00:00;€ € -31,25
30/04/2026 12:00:00;€ € -13,59
30/04/2026 11:00:00;€ € -3,26
30/04/2026 10:00:00;€ € -0,00
30/04/2026 09:00:00;€ € 36,32
30/04/2026 08:00:00;€ € 74,31
30/04/2026 07:00:00;€ € 98,73
30/04/2026 06:00:00;€ € 91,44
30/04/2026 05:00:00;€ € 87,03
30/04/2026 04:00:00;€ € 79,02
30/04/2026 03:00:00;€ € 74,61
30/04/2026 02:00:00;€ € 77,38
30/04/2026 01:00:00;€ € 78,95
30/04/2026 00:00:00;€ € 80,62
29/04/2026 23:00:00;€ € 85,31
29/04/2026 22:00:00;€ € 96,59
29/04/2026 21:00:00;€ € 118,60
29/04/2026 20:00:00;€ € 134,04
29/04/2026 19:00:00;€ € 112,04
29/04/2026 18:00:00;€ € 70,68
29/04/2026 17:00:00;€ € 16,25
29/04/2026 16:00:00;€ € -10,10
29/04/2026 15:00:00;€ € -32,40
29/04/2026 14:00:00;€ € -50,69
29/04/2026 13:00:00;€ € -55,04
29/04/2026 12:00:00;€ € -30,03
29/04/2026 11:00:00;€ € -8,22
29/04/2026 10:00:00;€ € 0,96
29/04/2026 09:00:00;€ € 49,66
29/04/2026 08:00:00;€ € 88,52
29/04/2026 07:00:00;€ € 99,92
29/04/2026 06:00:00;€ € 87,22
29/04/2026 05:00:00;€ € 82,00
29/04/2026 04:00:00;€ € 76,32
29/04/2026 03:00:00;€ € 74,53
29/04/2026 02:00:00;€ € 75,18
29/04/2026 01:00:00;€ € 78,26
29/04/2026 00:00:00;€ € 80,64
28/04/2026 23:00:00;€ € 78,15
28/04/2026 22:00:00;€ € 88,24
28/04/2026 21:00:00;€ € 91,97
28/04/2026 20:00:00;€ € 99,43
28/04/2026 19:00:00;€ € 100,39
28/04/2026 18:00:00;€ € 76,17
28/04/2026 17:00:00;€ € 25,60
28/04/2026 16:00:00;€ € -3,71
28/04/2026 15:00:00;€ € -6,83
28/04/2026 14:00:00;€ € -9,36
28/04/2026 13:00:00;€ € -23,57
28/04/2026 12:00:00;€ € 0,27
28/04/2026 11:00:00;€ € -0,58
28/04/2026 10:00:00;€ € 21,39
28/04/2026 09:00:00;€ € 74,45
28/04/2026 08:00:00;€ € 106,91
28/04/2026 07:00:00;€ € 108,89
28/04/2026 06:00:00;€ € 102,25
28/04/2026 05:00:00;€ € 90,33
28/04/2026 04:00:00;€ € 85,21
28/04/2026 03:00:00;€ € 85,46
28/04/2026 02:00:00;€ € 87,13
28/04/2026 01:00:00;€ € 94,91
28/04/2026 00:00:00;€ € 101,16
27/04/2026 23:00:00;€ € 99,11
27/04/2026 22:00:00;€ € 117,82
27/04/2026 21:00:00;€ € 143,16
27/04/2026 20:00:00;€ € 184,97
27/04/2026 19:00:00;€ € 158,36
27/04/2026 18:00:00;€ € 116,43
27/04/2026 17:00:00;€ € 94,52
27/04/2026 16:00:00;€ € 50,19
27/04/2026 15:00:00;€ € 2,96
27/04/2026 14:00:00;€ € -0,16
27/04/2026 13:00:00;€ € -0,83
27/04/2026 12:00:00;€ € -0,10
27/04/2026 11:00:00;€ € 10,08
27/04/2026 10:00:00;€ € 101,56
27/04/2026 09:00:00;€ € 139,30
27/04/2026 08:00:00;€ € 164,32
27/04/2026 07:00:00;€ € 145,47
27/04/2026 06:00:00;€ € 150,02
27/04/2026 05:00:00;€ € 110,74
27/04/2026 04:00:00;€ € 102,30
27/04/2026 03:00:00;€ € 97,86
27/04/2026 02:00:00;€ € 100,00
27/04/2026 01:00:00;€ € 98,96
27/04/2026 00:00:00;€ € 104,33
26/04/2026 23:00:00;€ € 117,42
26/04/2026 22:00:00;€ € 126,19
26/04/2026 21:00:00;€ € 142,29
26/04/2026 20:00:00;€ € 160,49
26/04/2026 19:00:00;€ € 152,46
26/04/2026 18:00:00;€ € 113,09
26/04/2026 17:00:00;€ € 11,26
26/04/2026 16:00:00;€ € -37,18
26/04/2026 15:00:00;€ € -235,21
26/04/2026 14:00:00;€ € -412,64
26/04/2026 13:00:00;€ € -413,12
26/04/2026 12:00:00;€ € -259,60
26/04/2026 11:00:00;€ € -127,06
26/04/2026 10:00:00;€ € -28,19
26/04/2026 09:00:00;€ € 0,69
26/04/2026 08:00:00;€ € 92,10
26/04/2026 07:00:00;€ € 188,24
26/04/2026 06:00:00;€ € 133,48
26/04/2026 05:00:00;€ € 121,91
26/04/2026 04:00:00;€ € 137,51
26/04/2026 03:00:00;€ € 128,55
26/04/2026 02:00:00;€ € 108,21
26/04/2026 01:00:00;€ € 81,70
26/04/2026 00:00:00;€ € 85,19
25/04/2026 23:00:00;€ € 94,13
25/04/2026 22:00:00;€ € 98,63
25/04/2026 21:00:00;€ € 100,66
25/04/2026 20:00:00;€ € 99,94
25/04/2026 19:00:00;€ € 90,36
25/04/2026 18:00:00;€ € 47,37
25/04/2026 17:00:00;€ € -3,35
25/04/2026 16:00:00;€ € -53,55
25/04/2026 15:00:00;€ € -133,32
25/04/2026 14:00:00;€ € -189,82
25/04/2026 13:00:00;€ € -175,57
25/04/2026 12:00:00;€ € -100,12
25/04/2026 11:00:00;€ € -42,08
25/04/2026 10:00:00;€ € -5,19
25/04/2026 09:00:00;€ € 19,94
25/04/2026 08:00:00;€ € 88,67
25/04/2026 07:00:00;€ € 84,42
25/04/2026 06:00:00;€ € 90,83
25/04/2026 05:00:00;€ € 88,23
25/04/2026 04:00:00;€ € 88,77
25/04/2026 03:00:00;€ € 108,18
25/04/2026 02:00:00;€ € 101,41
25/04/2026 01:00:00;€ € 98,63
25/04/2026 00:00:00;€ € 102,79
24/04/2026 23:00:00;€ € 121,84
24/04/2026 22:00:00;€ € 134,94
24/04/2026 21:00:00;€ € 161,30
24/04/2026 20:00:00;€ € 160,80
24/04/2026 19:00:00;€ € 135,20
24/04/2026 18:00:00;€ € 98,82
24/04/2026 17:00:00;€ € 40,49
24/04/2026 16:00:00;€ € -1,58
24/04/2026 15:00:00;€ € -16,52
24/04/2026 14:00:00;€ € -29,89
24/04/2026 13:00:00;€ € -26,08
24/04/2026 12:00:00;€ € -6,91
24/04/2026 11:00:00;€ € -0,04
24/04/2026 10:00:00;€ € 28,77
24/04/2026 09:00:00;€ € 120,00
24/04/2026 08:00:00;€ € 143,02
24/04/2026 07:00:00;€ € 140,93
24/04/2026 06:00:00;€ € 121,70
24/04/2026 05:00:00;€ € 101,42
24/04/2026 04:00:00;€ € 94,69
24/04/2026 03:00:00;€ € 97,08
24/04/2026 02:00:00;€ € 95,58
24/04/2026 01:00:00;€ € 93,84
24/04/2026 00:00:00;€ € 90,02
23/04/2026 23:00:00;€ € 94,88
23/04/2026 22:00:00;€ € 106,19
23/04/2026 21:00:00;€ € 111,09
23/04/2026 20:00:00;€ € 114,47
23/04/2026 19:00:00;€ € 105,68
23/04/2026 18:00:00;€ € 77,07
23/04/2026 17:00:00;€ € 17,43
23/04/2026 16:00:00;€ € -1,84
23/04/2026 15:00:00;€ € -22,40
23/04/2026 14:00:00;€ € -48,37
23/04/2026 13:00:00;€ € -49,22
23/04/2026 12:00:00;€ € -28,07
23/04/2026 11:00:00;€ € -3,46
23/04/2026 10:00:00;€ € 7,10
23/04/2026 09:00:00;€ € 90,09
23/04/2026 08:00:00;€ € 133,50
23/04/2026 07:00:00;€ € 120,20
23/04/2026 06:00:00;€ € 112,32
23/04/2026 05:00:00;€ € 91,67
23/04/2026 04:00:00;€ € 84,87
23/04/2026 03:00:00;€ € 83,92
23/04/2026 02:00:00;€ € 85,16
23/04/2026 01:00:00;€ € 87,08
23/04/2026 00:00:00;€ € 94,30
22/04/2026 23:00:00;€ € 89,92
22/04/2026 22:00:00;€ € 113,75
22/04/2026 21:00:00;€ € 110,00
22/04/2026 20:00:00;€ € 120,39
22/04/2026 19:00:00;€ € 115,00
22/04/2026 18:00:00;€ € 81,07
22/04/2026 17:00:00;€ € 43,25
22/04/2026 16:00:00;€ € 0,64
22/04/2026 15:00:00;€ € -4,09
22/04/2026 14:00:00;€ € -17,65
22/04/2026 13:00:00;€ € -18,88
22/04/2026 12:00:00;€ € -5,46
22/04/2026 11:00:00;€ € -1,01
22/04/2026 10:00:00;€ € 15,53
22/04/2026 09:00:00;€ € 100,00
22/04/2026 08:00:00;€ € 123,80
22/04/2026 07:00:00;€ € 147,76
22/04/2026 06:00:00;€ € 113,57
22/04/2026 05:00:00;€ € 92,98
22/04/2026 04:00:00;€ € 85,64
22/04/2026 03:00:00;€ € 93,56
22/04/2026 02:00:00;€ € 92,19
22/04/2026 01:00:00;€ € 91,56
22/04/2026 00:00:00;€ € 91,08
21/04/2026 23:00:00;€ € 95,00
21/04/2026 22:00:00;€ € 116,00
21/04/2026 21:00:00;€ € 119,66
21/04/2026 20:00:00;€ € 119,81
21/04/2026 19:00:00;€ € 112,08
21/04/2026 18:00:00;€ € 93,92
21/04/2026 17:00:00;€ € 52,09
21/04/2026 16:00:00;€ € 11,08
21/04/2026 15:00:00;€ € 0,33
21/04/2026 14:00:00;€ € -0,11
21/04/2026 13:00:00;€ € -0,07
21/04/2026 12:00:00;€ € 3,59
21/04/2026 11:00:00;€ € 16,27
21/04/2026 10:00:00;€ € 48,52
21/04/2026 09:00:00;€ € 101,12
21/04/2026 08:00:00;€ € 127,88
21/04/2026 07:00:00;€ € 132,20
21/04/2026 06:00:00;€ € 107,31
21/04/2026 05:00:00;€ € 83,84
21/04/2026 04:00:00;€ € 95,51
21/04/2026 03:00:00;€ € 95,81
21/04/2026 02:00:00;€ € 90,46
21/04/2026 01:00:00;€ € 94,36
21/04/2026 00:00:00;€ € 84,17
20/04/2026 23:00:00;€ € 95,08
20/04/2026 22:00:00;€ € 118,75
20/04/2026 21:00:00;€ € 136,15
20/04/2026 20:00:00;€ € 140,87
20/04/2026 19:00:00;€ € 154,56
20/04/2026 18:00:00;€ € 136,00
20/04/2026 17:00:00;€ € 116,33
20/04/2026 16:00:00;€ € 77,00
20/04/2026 15:00:00;€ € 96,80
20/04/2026 14:00:00;€ € 51,43
20/04/2026 13:00:00;€ € 49,69
20/04/2026 12:00:00;€ € 56,70
20/04/2026 11:00:00;€ € 96,95
20/04/2026 10:00:00;€ € 116,36
20/04/2026 09:00:00;€ € 147,04
20/04/2026 08:00:00;€ € 182,73
20/04/2026 07:00:00;€ € 186,50
20/04/2026 06:00:00;€ € 127,37
20/04/2026 05:00:00;€ € 115,33
20/04/2026 04:00:00;€ € 115,00
20/04/2026 03:00:00;€ € 117,73
20/04/2026 02:00:00;€ € 122,05
20/04/2026 01:00:00;€ € 117,70
20/04/2026 00:00:00;€ € 131,92
19/04/2026 23:00:00;€ € 116,94
19/04/2026 22:00:00;€ € 124,43
19/04/2026 21:00:00;€ € 129,70
19/04/2026 20:00:00;€ € 130,00
19/04/2026 19:00:00;€ € 124,05
19/04/2026 18:00:00;€ € 112,92
19/04/2026 17:00:00;€ € 57,01
19/04/2026 16:00:00;€ € 10,83
19/04/2026 15:00:00;€ € -2,25
19/04/2026 14:00:00;€ € -3,00
19/04/2026 13:00:00;€ € -0,85
19/04/2026 12:00:00;€ € 10,35
19/04/2026 11:00:00;€ € 25,49
19/04/2026 10:00:00;€ € 51,91
19/04/2026 09:00:00;€ € 83,97
19/04/2026 08:00:00;€ € 104,94
19/04/2026 07:00:00;€ € 100,68
19/04/2026 06:00:00;€ € 99,89
19/04/2026 05:00:00;€ € 90,14
19/04/2026 04:00:00;€ € 107,25
19/04/2026 03:00:00;€ € 105,23
19/04/2026 02:00:00;€ € 114,40
19/04/2026 01:00:00;€ € 101,80
19/04/2026 00:00:00;€ € 118,57
18/04/2026 23:00:00;€ € 119,69
18/04/2026 22:00:00;€ € 120,97
18/04/2026 21:00:00;€ € 139,57
18/04/2026 20:00:00;€ € 149,24
18/04/2026 19:00:00;€ € 139,00
18/04/2026 18:00:00;€ € 123,00
18/04/2026 17:00:00;€ € 102,82
18/04/2026 16:00:00;€ € 104,64
18/04/2026 15:00:00;€ € 53,39
18/04/2026 14:00:00;€ € 48,58
18/04/2026 13:00:00;€ € 45,56
18/04/2026 12:00:00;€ € 45,05
18/04/2026 11:00:00;€ € 64,39
18/04/2026 10:00:00;€ € 80,86
18/04/2026 09:00:00;€ € 103,01
18/04/2026 08:00:00;€ € 119,67
18/04/2026 07:00:00;€ € 103,16
18/04/2026 06:00:00;€ € 103,61
18/04/2026 05:00:00;€ € 102,23
18/04/2026 04:00:00;€ € 100,25
18/04/2026 03:00:00;€ € 99,96
18/04/2026 02:00:00;€ € 102,98
18/04/2026 01:00:00;€ € 105,81
18/04/2026 00:00:00;€ € 111,31
17/04/2026 23:00:00;€ € 110,21
17/04/2026 22:00:00;€ € 121,38
17/04/2026 21:00:00;€ € 132,25
17/04/2026 20:00:00;€ € 138,51
17/04/2026 19:00:00;€ € 130,77
17/04/2026 18:00:00;€ € 116,95
17/04/2026 17:00:00;€ € 115,14
17/04/2026 16:00:00;€ € 89,00
17/04/2026 15:00:00;€ € 75,52
17/04/2026 14:00:00;€ € 70,48
17/04/2026 13:00:00;€ € 59,59
17/04/2026 12:00:00;€ € 64,71
17/04/2026 11:00:00;€ € 79,90
17/04/2026 10:00:00;€ € 95,36
17/04/2026 09:00:00;€ € 106,69
17/04/2026 08:00:00;€ € 120,74
17/04/2026 07:00:00;€ € 134,53
17/04/2026 06:00:00;€ € 131,78
17/04/2026 05:00:00;€ € 117,47
17/04/2026 04:00:00;€ € 109,76
17/04/2026 03:00:00;€ € 107,89
17/04/2026 02:00:00;€ € 112,53
17/04/2026 01:00:00;€ € 115,36
17/04/2026 00:00:00;€ € 121,30
16/04/2026 23:00:00;€ € 123,96
16/04/2026 22:00:00;€ € 134,34
16/04/2026 21:00:00;€ € 141,66
16/04/2026 20:00:00;€ € 157,97
16/04/2026 19:00:00;€ € 139,16
16/04/2026 18:00:00;€ € 117,02
16/04/2026 17:00:00;€ € 105,31
16/04/2026 16:00:00;€ € 65,47
16/04/2026 15:00:00;€ € 51,81
16/04/2026 14:00:00;€ € 39,69
16/04/2026 13:00:00;€ € 33,61
16/04/2026 12:00:00;€ € 47,20
16/04/2026 11:00:00;€ € 57,95
16/04/2026 10:00:00;€ € 86,01
16/04/2026 09:00:00;€ € 108,95
16/04/2026 08:00:00;€ € 131,29
16/04/2026 07:00:00;€ € 138,70
16/04/2026 06:00:00;€ € 129,96
16/04/2026 05:00:00;€ € 103,63
16/04/2026 04:00:00;€ € 97,59
16/04/2026 03:00:00;€ € 94,63
16/04/2026 02:00:00;€ € 95,26
16/04/2026 01:00:00;€ € 98,65
16/04/2026 00:00:00;€ € 103,52
15/04/2026 23:00:00;€ € 115,45
15/04/2026 22:00:00;€ € 129,84
15/04/2026 21:00:00;€ € 142,78
15/04/2026 20:00:00;€ € 149,98
15/04/2026 19:00:00;€ € 139,71
15/04/2026 18:00:00;€ € 117,49
15/04/2026 17:00:00;€ € 95,82
15/04/2026 16:00:00;€ € 73,35
15/04/2026 15:00:00;€ € 60,02
15/04/2026 14:00:00;€ € 47,42
15/04/2026 13:00:00;€ € 39,79
15/04/2026 12:00:00;€ € 49,19
15/04/2026 11:00:00;€ € 62,30
15/04/2026 10:00:00;€ € 88,00
15/04/2026 09:00:00;€ € 115,70
15/04/2026 08:00:00;€ € 138,19
15/04/2026 07:00:00;€ € 143,61
15/04/2026 06:00:00;€ € 133,71
15/04/2026 05:00:00;€ € 111,65
15/04/2026 04:00:00;€ € 101,73
15/04/2026 03:00:00;€ € 101,00
15/04/2026 02:00:00;€ € 104,79
15/04/2026 01:00:00;€ € 110,15
15/04/2026 00:00:00;€ € 117,05
14/04/2026 23:00:00;€ € 128,12
14/04/2026 22:00:00;€ € 139,59
14/04/2026 21:00:00;€ € 154,55
14/04/2026 20:00:00;€ € 190,07
14/04/2026 19:00:00;€ € 181,19
14/04/2026 18:00:00;€ € 145,72
14/04/2026 17:00:00;€ € 114,49
14/04/2026 16:00:00;€ € 90,95
14/04/2026 15:00:00;€ € 89,47
14/04/2026 14:00:00;€ € 71,14
14/04/2026 13:00:00;€ € 81,61
14/04/2026 12:00:00;€ € 88,17
14/04/2026 11:00:00;€ € 92,80
14/04/2026 10:00:00;€ € 117,00
14/04/2026 09:00:00;€ € 139,09
14/04/2026 08:00:00;€ € 165,19
14/04/2026 07:00:00;€ € 162,28
14/04/2026 06:00:00;€ € 138,00
14/04/2026 05:00:00;€ € 117,86
14/04/2026 04:00:00;€ € 114,52
14/04/2026 03:00:00;€ € 113,64
14/04/2026 02:00:00;€ € 115,94
14/04/2026 01:00:00;€ € 114,64
14/04/2026 00:00:00;€ € 116,86
13/04/2026 23:00:00;€ € 122,82
13/04/2026 22:00:00;€ € 129,93
13/04/2026 21:00:00;€ € 144,90
13/04/2026 20:00:00;€ € 151,19
13/04/2026 19:00:00;€ € 168,33
13/04/2026 18:00:00;€ € 141,09
13/04/2026 17:00:00;€ € 119,42
13/04/2026 16:00:00;€ € 105,59
13/04/2026 15:00:00;€ € 110,84
13/04/2026 14:00:00;€ € 115,00
13/04/2026 13:00:00;€ € 113,90
13/04/2026 12:00:00;€ € 117,32
13/04/2026 11:00:00;€ € 125,75
13/04/2026 10:00:00;€ € 144,48
13/04/2026 09:00:00;€ € 166,68
13/04/2026 08:00:00;€ € 173,79
13/04/2026 07:00:00;€ € 141,34
13/04/2026 06:00:00;€ € 133,77
13/04/2026 05:00:00;€ € 114,74
13/04/2026 04:00:00;€ € 107,56
13/04/2026 03:00:00;€ € 103,95
13/04/2026 02:00:00;€ € 105,07
13/04/2026 01:00:00;€ € 109,80
13/04/2026 00:00:00;€ € 115,00
12/04/2026 23:00:00;€ € 121,00
12/04/2026 22:00:00;€ € 130,60
12/04/2026 21:00:00;€ € 136,73
12/04/2026 20:00:00;€ € 142,68
12/04/2026 19:00:00;€ € 141,63
12/04/2026 18:00:00;€ € 125,28
12/04/2026 17:00:00;€ € 76,16
12/04/2026 16:00:00;€ € 44,09
12/04/2026 15:00:00;€ € 15,94
12/04/2026 14:00:00;€ € 5,00
12/04/2026 13:00:00;€ € 0,43
12/04/2026 12:00:00;€ € 10,52
12/04/2026 11:00:00;€ € 8,94
12/04/2026 10:00:00;€ € 15,93
12/04/2026 09:00:00;€ € 30,09
12/04/2026 08:00:00;€ € 44,79
12/04/2026 07:00:00;€ € 74,28
12/04/2026 06:00:00;€ € 78,13
12/04/2026 05:00:00;€ € 77,72
12/04/2026 04:00:00;€ € 75,26
12/04/2026 03:00:00;€ € 68,17
12/04/2026 02:00:00;€ € 64,83
12/04/2026 01:00:00;€ € 61,88
12/04/2026 00:00:00;€ € 61,22
11/04/2026 23:00:00;€ € 65,61
11/04/2026 22:00:00;€ € 76,38
11/04/2026 21:00:00;€ € 72,01
11/04/2026 20:00:00;€ € 76,94
11/04/2026 19:00:00;€ € 69,66
11/04/2026 18:00:00;€ € 47,52
11/04/2026 17:00:00;€ € 6,89
11/04/2026 16:00:00;€ € -3,76
11/04/2026 15:00:00;€ € -5,34
11/04/2026 14:00:00;€ € -6,80
11/04/2026 13:00:00;€ € -13,19
11/04/2026 12:00:00;€ € -2,00
11/04/2026 11:00:00;€ € -2,62
11/04/2026 10:00:00;€ € -0,05
11/04/2026 09:00:00;€ € 19,90
11/04/2026 08:00:00;€ € 57,84
11/04/2026 07:00:00;€ € 74,41
11/04/2026 06:00:00;€ € 84,35
11/04/2026 05:00:00;€ € 84,96
11/04/2026 04:00:00;€ € 87,37
11/04/2026 03:00:00;€ € 87,06
11/04/2026 02:00:00;€ € 93,25
11/04/2026 01:00:00;€ € 104,75
11/04/2026 00:00:00;€ € 95,05
10/04/2026 23:00:00;€ € 118,44
10/04/2026 22:00:00;€ € 125,97
10/04/2026 21:00:00;€ € 148,81
10/04/2026 20:00:00;€ € 196,57
10/04/2026 19:00:00;€ € 197,99
10/04/2026 18:00:00;€ € 141,03
10/04/2026 17:00:00;€ € 115,56
10/04/2026 16:00:00;€ € 96,40
10/04/2026 15:00:00;€ € 78,52
10/04/2026 14:00:00;€ € 109,30
10/04/2026 13:00:00;€ € 98,76
10/04/2026 12:00:00;€ € 122,00
10/04/2026 11:00:00;€ € 115,69
10/04/2026 10:00:00;€ € 150,00
10/04/2026 09:00:00;€ € 148,17
10/04/2026 08:00:00;€ € 128,94
10/04/2026 07:00:00;€ € 119,75
10/04/2026 06:00:00;€ € 100,94
10/04/2026 05:00:00;€ € 75,28
10/04/2026 04:00:00;€ € 68,95
10/04/2026 03:00:00;€ € 67,40
10/04/2026 02:00:00;€ € 68,50
10/04/2026 01:00:00;€ € 69,02
10/04/2026 00:00:00;€ € 72,31
09/04/2026 23:00:00;€ € 79,19
09/04/2026 22:00:00;€ € 91,89
09/04/2026 21:00:00;€ € 101,39
09/04/2026 20:00:00;€ € 118,99
09/04/2026 19:00:00;€ € 122,14
09/04/2026 18:00:00;€ € 103,41
09/04/2026 17:00:00;€ € 67,90
09/04/2026 16:00:00;€ € 21,30
09/04/2026 15:00:00;€ € -1,23
09/04/2026 14:00:00;€ € -7,92
09/04/2026 13:00:00;€ € -7,66
09/04/2026 12:00:00;€ € -1,01
09/04/2026 11:00:00;€ € 1,10
09/04/2026 10:00:00;€ € 51,77
09/04/2026 09:00:00;€ € 130,18
09/04/2026 08:00:00;€ € 132,88
09/04/2026 07:00:00;€ € 144,73
09/04/2026 06:00:00;€ € 130,24
09/04/2026 05:00:00;€ € 110,13
09/04/2026 04:00:00;€ € 98,56
09/04/2026 03:00:00;€ € 98,31
09/04/2026 02:00:00;€ € 98,20
09/04/2026 01:00:00;€ € 100,03
09/04/2026 00:00:00;€ € 104,30
08/04/2026 23:00:00;€ € 108,69
08/04/2026 22:00:00;€ € 121,20
08/04/2026 21:00:00;€ € 137,60
08/04/2026 20:00:00;€ € 160,11
08/04/2026 19:00:00;€ € 168,53
08/04/2026 18:00:00;€ € 128,34
08/04/2026 17:00:00;€ € 104,90
08/04/2026 16:00:00;€ € 13,23
08/04/2026 15:00:00;€ € -12,32
08/04/2026 14:00:00;€ € -28,14
08/04/2026 13:00:00;€ € -31,05
08/04/2026 12:00:00;€ € -16,67
08/04/2026 11:00:00;€ € -0,05
08/04/2026 10:00:00;€ € 50,85
08/04/2026 09:00:00;€ € 135,72
08/04/2026 08:00:00;€ € 147,15
08/04/2026 07:00:00;€ € 164,22
08/04/2026 06:00:00;€ € 125,12
08/04/2026 05:00:00;€ € 109,66
08/04/2026 04:00:00;€ € 99,27
08/04/2026 03:00:00;€ € 95,05
08/04/2026 02:00:00;€ € 92,82
08/04/2026 01:00:00;€ € 93,95
08/04/2026 00:00:00;€ € 98,78
07/04/2026 23:00:00;€ € 110,28
07/04/2026 22:00:00;€ € 122,06
07/04/2026 21:00:00;€ € 139,39
07/04/2026 20:00:00;€ € 168,08
07/04/2026 19:00:00;€ € 164,65
07/04/2026 18:00:00;€ € 126,86
07/04/2026 17:00:00;€ € 67,22
07/04/2026 16:00:00;€ € 3,00
07/04/2026 15:00:00;€ € -3,92
07/04/2026 14:00:00;€ € -10,95
07/04/2026 13:00:00;€ € -10,96
07/04/2026 12:00:00;€ € -3,01
07/04/2026 11:00:00;€ € -0,01
07/04/2026 10:00:00;€ € 56,09
07/04/2026 09:00:00;€ € 145,33
07/04/2026 08:00:00;€ € 161,12
07/04/2026 07:00:00;€ € 163,18
07/04/2026 06:00:00;€ € 121,34
07/04/2026 05:00:00;€ € 108,22
07/04/2026 04:00:00;€ € 103,55
07/04/2026 03:00:00;€ € 97,23
07/04/2026 02:00:00;€ € 94,30
07/04/2026 01:00:00;€ € 94,79
07/04/2026 00:00:00;€ € 107,00
06/04/2026 23:00:00;€ € 101,41
06/04/2026 22:00:00;€ € 106,84
06/04/2026 21:00:00;€ € 109,94
06/04/2026 20:00:00;€ € 125,43
06/04/2026 19:00:00;€ € 143,68
06/04/2026 18:00:00;€ € 93,50
06/04/2026 17:00:00;€ € 19,00
06/04/2026 16:00:00;€ € -20,17
06/04/2026 15:00:00;€ € -70,81
06/04/2026 14:00:00;€ € -99,00
06/04/2026 13:00:00;€ € -102,91
06/04/2026 12:00:00;€ € -61,83
06/04/2026 11:00:00;€ € -38,87
06/04/2026 10:00:00;€ € -12,19
06/04/2026 09:00:00;€ € 27,27
06/04/2026 08:00:00;€ € 65,56
06/04/2026 07:00:00;€ € 68,39
06/04/2026 06:00:00;€ € 57,90
06/04/2026 05:00:00;€ € 64,34
06/04/2026 04:00:00;€ € 71,69
06/04/2026 03:00:00;€ € 59,91
06/04/2026 02:00:00;€ € 54,61
06/04/2026 01:00:00;€ € 54,86
06/04/2026 00:00:00;€ € 65,83
05/04/2026 23:00:00;€ € 67,48
05/04/2026 22:00:00;€ € 91,53
05/04/2026 21:00:00;€ € 92,96
05/04/2026 20:00:00;€ € 75,07
05/04/2026 19:00:00;€ € 42,35
05/04/2026 18:00:00;€ € 1,71
05/04/2026 17:00:00;€ € -5,32
05/04/2026 16:00:00;€ € -29,18
05/04/2026 15:00:00;€ € -59,88
05/04/2026 14:00:00;€ € -79,29
05/04/2026 13:00:00;€ € -69,92
05/04/2026 12:00:00;€ € -52,30
05/04/2026 11:00:00;€ € -42,91
05/04/2026 10:00:00;€ € -23,19
05/04/2026 09:00:00;€ € -6,41
05/04/2026 08:00:00;€ € -1,41
05/04/2026 07:00:00;€ € -0,52
05/04/2026 06:00:00;€ € -0,73
05/04/2026 05:00:00;€ € -0,71
05/04/2026 04:00:00;€ € -0,77
05/04/2026 03:00:00;€ € -0,25
05/04/2026 02:00:00;€ € -0,14
05/04/2026 01:00:00;€ € 1,39
05/04/2026 00:00:00;€ € 1,73
04/04/2026 23:00:00;€ € 40,69
04/04/2026 22:00:00;€ € 66,45
04/04/2026 21:00:00;€ € 82,42
04/04/2026 20:00:00;€ € 108,96
04/04/2026 19:00:00;€ € 114,79
04/04/2026 18:00:00;€ € 78,47
04/04/2026 17:00:00;€ € 45,31
04/04/2026 16:00:00;€ € 7,80
04/04/2026 15:00:00;€ € -0,00
04/04/2026 14:00:00;€ € 0,04
04/04/2026 13:00:00;€ € 0,04
04/04/2026 12:00:00;€ € 6,76
04/04/2026 11:00:00;€ € 20,48
04/04/2026 10:00:00;€ € 48,53
04/04/2026 09:00:00;€ € 60,14
04/04/2026 08:00:00;€ € 75,20
04/04/2026 07:00:00;€ € 105,96
04/04/2026 06:00:00;€ € 59,16
04/04/2026 05:00:00;€ € 38,23
04/04/2026 04:00:00;€ € 31,58
04/04/2026 03:00:00;€ € 29,53
04/04/2026 02:00:00;€ € 26,75
04/04/2026 01:00:00;€ € 17,36
04/04/2026 00:00:00;€ € 17,28
03/04/2026 23:00:00;€ € 66,64
03/04/2026 22:00:00;€ € 89,81
03/04/2026 21:00:00;€ € 92,82
03/04/2026 20:00:00;€ € 104,22
03/04/2026 19:00:00;€ € 103,01
03/04/2026 18:00:00;€ € 88,11
03/04/2026 17:00:00;€ € 60,24
03/04/2026 16:00:00;€ € 20,55
03/04/2026 15:00:00;€ € 4,36
03/04/2026 14:00:00;€ € 2,41
03/04/2026 13:00:00;€ € 10,38
03/04/2026 12:00:00;€ € 27,30
03/04/2026 11:00:00;€ € 53,18
03/04/2026 10:00:00;€ € 86,02
03/04/2026 09:00:00;€ € 113,53
03/04/2026 08:00:00;€ € 131,06
03/04/2026 07:00:00;€ € 136,25
03/04/2026 06:00:00;€ € 128,22
03/04/2026 05:00:00;€ € 113,14
03/04/2026 04:00:00;€ € 115,37
03/04/2026 03:00:00;€ € 114,99
03/04/2026 02:00:00;€ € 118,46
03/04/2026 01:00:00;€ € 121,99
03/04/2026 00:00:00;€ € 131,08
02/04/2026 23:00:00;€ € 123,17
02/04/2026 22:00:00;€ € 132,53
02/04/2026 21:00:00;€ € 141,90
02/04/2026 20:00:00;€ € 153,13
02/04/2026 19:00:00;€ € 155,93
02/04/2026 18:00:00;€ € 122,91
02/04/2026 17:00:00;€ € 106,45
02/04/2026 16:00:00;€ € 93,96
02/04/2026 15:00:00;€ € 88,41
02/04/2026 14:00:00;€ € 82,65
02/04/2026 13:00:00;€ € 82,14
02/04/2026 12:00:00;€ € 92,60
02/04/2026 11:00:00;€ € 105,44
02/04/2026 10:00:00;€ € 117,73
02/04/2026 09:00:00;€ € 127,99
02/04/2026 08:00:00;€ € 157,64
02/04/2026 07:00:00;€ € 160,01
02/04/2026 06:00:00;€ € 146,65
02/04/2026 05:00:00;€ € 118,76
02/04/2026 04:00:00;€ € 105,70
02/04/2026 03:00:00;€ € 106,49
02/04/2026 02:00:00;€ € 114,13
02/04/2026 01:00:00;€ € 119,00
02/04/2026 00:00:00;€ € 125,38
01/04/2026 23:00:00;€ € 132,06
01/04/2026 22:00:00;€ € 151,21
01/04/2026 21:00:00;€ € 165,65
01/04/2026 20:00:00;€ € 175,01
01/04/2026 19:00:00;€ € 181,37
01/04/2026 18:00:00;€ € 150,28
01/04/2026 17:00:00;€ € 130,35
01/04/2026 16:00:00;€ € 106,75
01/04/2026 15:00:00;€ € 97,17
01/04/2026 14:00:00;€ € 91,69
01/04/2026 13:00:00;€ € 99,15
01/04/2026 12:00:00;€ € 117,05
01/04/2026 11:00:00;€ € 130,25
01/04/2026 10:00:00;€ € 141,27
01/04/2026 09:00:00;€ € 171,54
01/04/2026 08:00:00;€ € 199,98
01/04/2026 07:00:00;€ € 199,12
01/04/2026 06:00:00;€ € 166,03
01/04/2026 05:00:00;€ € 137,70
01/04/2026 04:00:00;€ € 133,12
01/04/2026 03:00:00;€ € 129,43
01/04/2026 02:00:00;€ € 122,27
01/04/2026 01:00:00;€ € 129,03
01/04/2026 00:00:00;€ € 142,25
